cms_certification_number_ccn,provider_name,provider_address,city_town,state,zip_code,telephone_number,provider_ssa_county_code,county_parish,ownership_type,number_of_certified_beds,average_number_of_residents_per_day,average_number_of_residents_per_day_footnote,provider_type,provider_resides_in_hospital,legal_business_name,date_first_approved_to_provide_medicare_and_medicaid_services,affiliated_entity_name,affiliated_entity_id,continuing_care_retirement_community,special_focus_status,abuse_icon,most_recent_health_inspection_more_than_2_years_ago,provider_changed_ownership_in_last_12_months,with_a_resident_and_family_council,automatic_sprinkler_systems_in_all_required_areas,overall_rating,overall_rating_footnote,health_inspection_rating,health_inspection_rating_footnote,qm_rating,qm_rating_footnote,long_stay_qm_rating,long_stay_qm_rating_footnote,short_stay_qm_rating,short_stay_qm_rating_footnote,staffing_rating,staffing_rating_footnote,reported_staffing_footnote,physical_therapist_staffing_footnote,reported_nurse_aide_staffing_hours_per_resident_per_day,reported_lpn_staffing_hours_per_resident_per_day,reported_rn_staffing_hours_per_resident_per_day,reported_licensed_staffing_hours_per_resident_per_day,reported_total_nurse_staffing_hours_per_resident_per_day,total_number_of_nurse_staff_hours_per_resident_per_day_on_the_weekend,registered_nurse_hours_per_resident_per_day_on_the_weekend,reported_physical_therapist_staffing_hours_per_resident_per_day,total_nursing_staff_turnover,total_nursing_staff_turnover_footnote,registered_nurse_turnover,registered_nurse_turnover_footnote,number_of_administrators_who_have_left_the_nursing_home,administrator_turnover_footnote,nursing_case_mix_index,nursing_case_mix_index_ratio,case_mix_nurse_aide_staffing_hours_per_resident_per_day,case_mix_lpn_staffing_hours_per_resident_per_day,case_mix_rn_staffing_hours_per_resident_per_day,case_mix_total_nurse_staffing_hours_per_resident_per_day,case_mix_weekend_total_nurse_staffing_hours_per_resident_per_day,adjusted_nurse_aide_staffing_hours_per_resident_per_day,adjusted_lpn_staffing_hours_per_resident_per_day,adjusted_rn_staffing_hours_per_resident_per_day,adjusted_total_nurse_staffing_hours_per_resident_per_day,adjusted_weekend_total_nurse_staffing_hours_per_resident_per_day,rating_cycle_1_standard_survey_health_date,rating_cycle_1_total_number_of_health_deficiencies,rating_cycle_1_number_of_standard_health_deficiencies,rating_cycle_1_number_of_complaint_health_deficiencies,rating_cycle_1_health_deficiency_score,rating_cycle_1_number_of_health_revisits,rating_cycle_1_health_revisit_score,rating_cycle_1_total_health_score,rating_cycle_2_standard_health_survey_date,rating_cycle_2_total_number_of_health_deficiencies,rating_cycle_2_number_of_standard_health_deficiencies,rating_cycle_2_number_of_complaint_health_deficiencies,rating_cycle_2_health_deficiency_score,rating_cycle_2_number_of_health_revisits,rating_cycle_2_health_revisit_score,rating_cycle_2_total_health_score,rating_cycle_3_standard_health_survey_date,rating_cycle_3_total_number_of_health_deficiencies,rating_cycle_3_number_of_standard_health_deficiencies,rating_cycle_3_number_of_complaint_health_deficiencies,rating_cycle_3_health_deficiency_score,rating_cycle_3_number_of_health_revisits,rating_cycle_3_health_revisit_score,rating_cycle_3_total_health_score,total_weighted_health_survey_score,number_of_facility_reported_incidents,number_of_substantiated_complaints,number_of_citations_from_infection_control_inspections,number_of_fines,total_amount_of_fines_in_dollars,number_of_payment_denials,total_number_of_penalties,location,latitude,longitude,geocoding_footnote,processing_date
305005,PREMIER REHAB AND HEALTHCARE,55 HARRIS ROAD,NASHUA,NH,03062,6038881573,050,Hillsborough,For profit - Limited Liability company,290,233.3,NA,Medicare and Medicaid,N,GREENBRIAR OPERATIONS LLC,1968-11-01,SALTER HEALTHCARE,462,N,NA,N,N,N,Both,Yes,1,NA,1,NA,2,NA,1,NA,2,NA,2,NA,NA,NA,1.59205,0.94903,0.52552,1.47455,3.06659,2.56352,0.23845,0.02221,46.8,NA,47.2,NA,0,NA,1.3383,0.9785,2.20959,0.85806,0.6484,3.71605,3.26313,1.62168,0.9667,0.5353,3.12368,2.61124,2023-10-06,11,11,0,60,1,0,60,2022-10-28,4,4,0,12,1,0,12,2021-07-30,5,4,1,24,1,0,24,38,0,0,NA,0,0,0,0,"55 HARRIS ROAD,NASHUA,NH,03062",42.732,-71.475,NA,2024-08-01
305009,HANOVER HILL HEALTH CARE CENTER,700 HANOVER STREET,MANCHESTER,NH,03104,6036273826,050,Hillsborough,For profit - Corporation,124,112.7,NA,Medicare and Medicaid,N,HANOVER HILL HEALTH CARE CENTER SERVICES INC.,1970-07-24,NA,NA,N,NA,N,N,N,Resident,Yes,4,NA,4,NA,4,NA,2,NA,5,NA,2,NA,NA,NA,2.34578,1.03596,0.60751,1.64347,3.98925,3.5105,0.53654,0.10368,44.5,NA,53.8,NA,0,NA,1.57516,1.15168,2.60066,1.00992,0.76316,4.37374,3.84067,2.03014,0.89656,0.52576,3.45247,3.03814,2024-01-05,1,0,0,16,0,0,16,2022-11-10,3,3,1,12,1,0,12,2021-09-10,3,3,0,8,1,0,8,13.333,0,0,1,0,0,0,0,"700 HANOVER STREET,MANCHESTER,NH,03104",42.9892,-71.435,NA,2024-08-01
305016,HAVENWOOD-HERITAGE HEIGHTS,33 CHRISTIAN AVENUE,CONCORD,NH,03301,6032245363,060,Merrimack,Non profit - Corporation,70,58.6,NA,Medicare and Medicaid,N,UNITED CHURCH OF CHRIST RETIREMENT COMMUNITY INC,1969-07-08,NA,NA,Y,NA,N,N,N,Both,Yes,5,NA,4,NA,3,NA,3,NA,3,NA,5,NA,NA,NA,3.40105,0.82477,0.95768,1.78245,5.1835,5.06182,0.75005,0.17525,44.8,NA,43.8,NA,0,NA,1.13945,0.83311,1.88128,0.73056,0.55206,3.16391,2.77829,4.06894,0.98674,1.14575,6.20142,6.05585,2024-02-22,3,3,0,12,1,0,12,2023-02-02,1,1,0,4,1,0,4,2022-02-24,4,4,0,20,1,0,20,10.667,0,0,0,0,0,0,0,"33 CHRISTIAN AVENUE,CONCORD,NH,03301",43.2172,-71.512,NA,2024-08-01
305018,DOVER CENTER FOR HEALTH & REHABILITATION,307 PLAZA DRIVE,DOVER,NH,03820,6037422676,080,Strafford,For profit - Limited Liability company,112,100.9,NA,Medicare and Medicaid,N,VK DOVER LLC,1970-06-09,NATIONAL HEALTH CARE ASSOCIATES,363,N,NA,N,N,N,Resident,Yes,4,NA,4,NA,5,NA,5,NA,5,NA,1,NA,NA,NA,1.81135,1.1043,0.50191,1.60621,3.41756,3.00439,0.21439,0.11557,63.5,NA,50,NA,1,NA,1.51317,1.10635,2.4983,0.97017,0.73313,4.2016,3.68951,1.63185,0.99487,0.45217,3.07888,2.70666,2024-04-10,5,5,0,16,1,0,16,2023-03-10,2,2,0,12,1,0,12,2022-04-14,3,3,0,16,1,0,16,14.667,0,0,NA,0,0,0,0,"307 PLAZA DRIVE,DOVER,NH,03820",43.2136,-70.89,NA,2024-08-01
305020,HANOVER TERRACE HEALTH AND REHABILITATION CENTER,49 LYME ROAD,HANOVER,NH,03755,6036432854,040,Grafton,For profit - Limited Liability company,100,61.7,NA,Medicare and Medicaid,N,BEAR MT HANOVER LLC,1970-10-16,BEAR MOUNTAIN HEALTHCARE,70,N,SFF Candidate,N,N,N,Resident,Yes,1,NA,1,NA,4,NA,3,NA,5,NA,1,NA,NA,NA,2.1031,0.86455,0.45495,1.31951,3.42261,3.09703,0.36859,0.07508,55.8,NA,NA,6,1,NA,1.6175,1.18263,2.67055,1.03706,0.78368,4.49129,3.94389,1.77248,0.72864,0.38343,2.88455,2.61015,2023-12-07,0,0,0,0,0,0,0,2022-12-09,11,4,8,459,1,0,459,2021-10-07,3,3,0,8,1,0,8,154.333,2,6,NA,1,110116.5,0,1,"49 LYME ROAD,HANOVER,NH,03755",43.7194,-72.273,NA,2024-08-01
305022,EDGEWOOD CENTRE (THE),928 SOUTH STREET,PORTSMOUTH,NH,03801,6034360099,070,Rockingham,For profit - Limited Liability company,156,118.8,NA,Medicare and Medicaid,N,EDGEWOOD REHAB AND HEALTHCARE CENTER LLC,1972-06-13,NA,NA,N,NA,N,N,N,Resident,Yes,2,NA,2,NA,2,NA,1,NA,3,NA,3,NA,NA,NA,2.57042,0.66883,0.698,1.36683,3.93725,3.5959,0.42239,0.08371,47.2,NA,33.3,NA,0,NA,1.50723,1.10201,2.48849,0.96637,0.73025,4.18511,3.67503,2.32482,0.60492,0.63131,3.56105,3.25231,2024-03-14,9,9,0,36,1,0,36,2023-02-17,2,2,0,12,1,0,12,2022-01-27,1,1,0,8,1,0,8,23.333,0,0,NA,0,0,0,0,"928 SOUTH STREET,PORTSMOUTH,NH,03801",43.0638,-70.763,NA,2024-08-01
305024,ROCHESTER MANOR,40 WHITEHALL ROAD,ROCHESTER,NH,03867,6033327711,080,Strafford,For profit - Limited Liability company,108,76.8,NA,Medicare and Medicaid,N,40 WHITEHALL ROAD OPERATIONS LLC,1972-08-19,GENESIS HEALTHCARE,237,N,NA,N,N,N,Resident,Yes,2,NA,3,NA,1,NA,1,NA,2,NA,2,NA,NA,NA,1.49758,0.64657,0.633,1.27956,2.77714,2.38213,0.45202,0.03969,44.9,NA,40,NA,0,NA,1.31217,0.95939,2.16645,0.84131,0.63575,3.6435,3.19943,1.55583,0.67172,0.65762,2.88517,2.47479,2024-04-03,1,1,0,4,1,0,4,2023-03-24,4,4,1,32,1,0,32,2022-04-27,7,7,0,28,1,0,28,17.333,1,0,NA,1,7900.75,0,1,"40 WHITEHALL ROAD,ROCHESTER,NH,03867",43.2984,-70.955,NA,2024-08-01
305030,MAPLE LEAF HEALTH CARE CENTER,198 PEARL STREET,MANCHESTER,NH,03104,6036691660,050,Hillsborough,For profit - Limited Liability company,114,109.2,NA,Medicare and Medicaid,N,BH MAPLE LEAF LLC,1975-02-18,NA,NA,N,NA,N,N,N,Resident,Yes,4,NA,5,NA,2,NA,2,NA,2,NA,1,NA,NA,NA,1.58621,0.51226,0.54977,1.06203,2.64824,2.20878,0.30904,0.0605,67.9,NA,68.8,NA,2,NA,1.40204,1.0251,2.31483,0.89892,0.67929,3.89304,3.41855,1.54228,0.49807,0.53455,2.5749,2.14761,2024-01-25,1,1,0,4,1,0,4,2023-01-27,1,1,0,8,1,0,8,2022-02-16,1,1,0,4,1,0,4,5.333,0,0,NA,0,0,0,0,"198 PEARL STREET,MANCHESTER,NH,03104",42.9965,-71.455,NA,2024-08-01
305037,COURVILLE AT NASHUA,22 HUNT STREET,NASHUA,NH,03060,6034876605,050,Hillsborough,For profit - Corporation,94,72.9,NA,Medicare and Medicaid,N,COURVILLE AT NASHUA INC,1980-06-24,NA,NA,N,NA,N,N,N,Resident,Yes,3,NA,3,NA,4,NA,4,NA,4,NA,2,NA,NA,NA,2.15103,0.80497,0.95713,1.76209,3.91313,3.51643,0.75302,0.18191,65.7,NA,73.7,NA,0,NA,1.66171,1.21496,2.74356,1.06541,0.8051,4.61407,4.0517,1.76463,0.66037,0.7852,3.2102,2.88476,2024-05-14,5,5,0,16,1,0,16,2023-03-30,1,1,0,4,1,0,4,2022-03-15,13,13,1,84,1,0,84,23.333,1,0,NA,2,9157.77,0,2,"22 HUNT STREET,NASHUA,NH,03060",42.7468,-71.471,NA,2024-08-01
305038,HACKETT HILL HEALTHCARE CENTER,191 HACKETT HILL ROAD,MANCHESTER,NH,03102,6036688161,050,Hillsborough,For profit - Corporation,70,63.6,NA,Medicare and Medicaid,N,191 HACKETT HILL ROAD OPERATIONS LLC,1989-10-20,GENESIS HEALTHCARE,237,N,NA,N,N,N,Resident,Yes,4,NA,4,NA,3,NA,3,NA,3,NA,4,NA,NA,NA,1.55423,0.72466,1.34789,2.07255,3.62678,3.06338,1.02111,0.13265,31,NA,16.7,NA,1,NA,1.56668,1.14548,2.58665,1.00448,0.75905,4.35019,3.81999,1.35238,0.63055,1.17284,3.15577,2.66553,2024-04-02,5,4,1,12,1,0,12,2023-03-10,3,1,2,12,1,0,12,2022-03-24,7,7,0,32,1,0,32,15.333,0,1,0,0,0,0,0,"191 HACKETT HILL ROAD,MANCHESTER,NH,03102",43.0383,-71.484,NA,2024-08-01
305039,PLEASANT VALLEY SNF LLC,8 PEABODY ROAD,DERRY,NH,03038,6034341566,070,Rockingham,For profit - Limited Liability company,112,95.4,NA,Medicare and Medicaid,N,PLEASANT VALLEY SNF LLC,1990-02-13,NA,NA,N,NA,N,N,N,Resident,Yes,1,NA,1,NA,4,NA,5,NA,3,NA,3,NA,NA,NA,2.13517,0.56696,0.72423,1.29119,3.42636,3.04711,0.44241,0.10546,61.3,NA,50,NA,1,NA,1.26383,0.92404,2.08663,0.81031,0.61232,3.50926,3.08155,2.30308,0.61155,0.78118,3.69581,3.28673,2023-12-01,12,12,0,60,1,0,60,2022-12-02,6,6,0,28,1,0,28,2021-09-17,4,4,0,16,1,0,16,42,0,0,0,0,0,0,0,"8 PEABODY ROAD,DERRY,NH,03038",42.8915,-71.32,NA,2024-08-01
305040,LACONIA REHABILITATION CENTER,175 BLUEBERRY LANE,LACONIA,NH,03246,6035243340,000,Belknap,For profit - Corporation,120,115.9,NA,Medicare and Medicaid,N,175 BLUEBERRY LANE OPERATIONS LLC,1990-04-12,GENESIS HEALTHCARE,237,N,NA,N,N,N,Resident,Yes,1,NA,1,NA,4,NA,3,NA,4,NA,3,NA,NA,NA,2.05535,0.82239,0.67771,1.5001,3.55545,3.25095,0.38792,0.04639,23.3,NA,31.6,NA,1,NA,1.49271,1.09139,2.46452,0.95706,0.72322,4.14479,3.63962,1.87705,0.75105,0.61892,3.24701,2.96893,2023-05-11,14,11,3,72,1,0,72,2022-07-15,12,10,0,44,1,0,44,2021-06-07,4,4,0,24,1,0,24,54.667,1,1,2,1,7900.75,0,1,"175 BLUEBERRY LANE,LACONIA,NH,03246",43.5392,-71.488,NA,2024-08-01
305041,ELM WOOD CENTER AT CLAREMONT,290 HANOVER STREET,CLAREMONT,NH,03743,6035422606,090,Sullivan,For profit - Corporation,68,63.7,NA,Medicare and Medicaid,N,290 HANOVER STREET OPERATIONS LLC,1992-01-01,GENESIS HEALTHCARE,237,N,NA,N,N,N,Resident,Yes,1,NA,1,NA,3,NA,3,NA,3,NA,1,NA,NA,NA,1.62769,0.77515,0.43788,1.21303,2.84072,2.4674,0.31899,0.07219,52.5,NA,77.8,NA,0,NA,1.21755,0.89021,2.01021,0.78063,0.5899,3.38075,2.9687,1.82243,0.86789,0.49027,3.18059,2.7626,2023-05-02,15,15,0,52,1,0,52,2022-07-27,6,6,0,28,1,0,28,2021-05-06,5,3,2,20,1,0,20,38.667,1,2,NA,0,0,0,0,"290 HANOVER STREET,CLAREMONT,NH,03743",43.3918,-72.339,NA,2024-08-01
305043,WARDE HEALTH CENTER,21 SEARLES ROAD,WINDHAM,NH,03087,6038901290,070,Rockingham,Non profit - Corporation,32,31.2,NA,Medicare and Medicaid,N,WARDE REHABILITATION AND NURSING CENTER,1993-06-09,CATHOLIC CHARITIES NEW HAMPSHIRE,122,N,NA,N,N,N,Resident,Yes,4,NA,4,NA,2,NA,1,NA,4,NA,4,NA,NA,NA,2.33879,1.35912,0.75941,2.11853,4.45732,3.81948,0.48505,0.12882,62,NA,60,NA,0,NA,1.16475,0.8516,1.92304,0.74678,0.56432,3.23414,2.83997,2.73731,1.59071,0.88881,5.21683,4.4703,2024-03-27,2,2,0,8,1,0,8,2023-02-10,2,2,0,8,1,0,8,2022-02-03,4,4,0,16,1,0,16,9.333,0,0,NA,0,0,0,0,"21 SEARLES ROAD,WINDHAM,NH,03087",42.8119,-71.263,NA,2024-08-01
305044,GOLDEN VIEW HEALTH CARE CENTER,19 NH ROUTE 104,MEREDITH,NH,03253,6032798111,000,Belknap,Non profit - Corporation,131,59.9,NA,Medicare and Medicaid,N,"METRO HEALTH FOUNDATION OF NEW HAMPSHIRE, INC.",1994-04-01,NA,NA,N,NA,N,N,N,Resident,Yes,3,NA,3,NA,2,NA,1,NA,4,NA,3,NA,NA,NA,2.79934,0.57045,0.8365,1.40695,4.20629,3.70674,0.60387,0.10097,63.9,NA,35.7,NA,1,NA,1.47932,1.0816,2.44242,0.94847,0.71673,4.10762,3.60698,2.57963,0.52568,0.77084,3.87616,3.41582,2023-12-15,7,7,0,28,1,0,28,2022-11-17,2,2,0,8,1,0,8,2021-10-14,4,4,0,20,1,0,20,20,0,0,0,0,0,0,0,"19 NH ROUTE 104,MEREDITH,NH,03253",43.6004,-71.486,22,2024-08-01
305045,PLEASANT VIEW CENTER,239 PLEASANT STREET,CONCORD,NH,03301,6032246561,060,Merrimack,For profit - Corporation,176,150.3,NA,Medicare and Medicaid,N,PLEASANT VIEW OPERATING GROUP LLC,1994-06-01,NA,NA,N,SFF Candidate,N,N,N,None,Yes,1,NA,1,NA,2,NA,1,NA,4,NA,2,NA,NA,NA,2.05197,0.55336,0.845,1.39836,3.45033,3.01482,0.58883,0.03144,65.5,NA,46.4,NA,1,NA,1.3744,1.00489,2.26919,0.8812,0.66589,3.81629,3.35116,2.03527,0.54886,0.83813,3.42225,2.99028,2023-06-22,9,7,2,40,1,0,40,2022-07-29,25,20,5,116,2,58,174,2021-06-10,8,2,5,32,1,0,32,83.333,2,6,1,2,13944.45,0,2,"239 PLEASANT STREET,CONCORD,NH,03301",43.196,-71.561,NA,2024-08-01
305046,ROCKINGHAM COUNTY NURSING HOME,117 NORTH ROAD,BRENTWOOD,NH,03833,6036795335,070,Rockingham,Government - County,226,140.7,NA,Medicare and Medicaid,N,COUNTY OF ROCKINGHAM,1995-11-11,NA,NA,N,NA,N,N,N,Resident,Yes,5,NA,5,NA,3,NA,4,NA,3,NA,5,NA,NA,NA,3.11624,1.33204,0.83733,2.16937,5.2856,4.65831,0.49016,0.04577,54.5,NA,34.5,NA,0,NA,1.27081,0.92915,2.09816,0.81478,0.6157,3.52865,3.09857,3.34283,1.4289,0.89821,5.66994,4.99703,2023-07-12,0,0,0,0,0,0,0,2022-08-18,0,0,0,0,0,0,0,2021-06-17,1,1,0,4,1,0,4,0.667,0,0,0,0,0,0,0,"117 NORTH ROAD,BRENTWOOD,NH,03833",43.0116,-71.053,NA,2024-08-01
305047,RIVERSIDE REST HOME,276 COUNTY FARM ROAD,DOVER,NH,03820,6037421348,080,Strafford,Government - County,215,152.3,NA,Medicare and Medicaid,N,COUNTY OF STRAFFORD,1995-04-01,NA,NA,N,NA,N,N,N,Resident,Yes,4,NA,4,NA,3,NA,3,NA,NA,2,4,NA,NA,NA,2.72297,0.69242,1.19671,1.88914,4.61211,4.29648,0.92497,0.02638,NA,6,NA,6,NA,6,1.10664,0.80912,1.8271,0.70952,0.53616,3.07279,2.69828,3.3543,0.85296,1.47418,5.68144,5.29263,2024-01-11,1,1,0,4,1,0,4,2022-12-16,1,1,0,4,1,0,4,2021-11-10,5,3,2,32,1,0,32,8.667,1,0,NA,2,7995,0,2,"276 COUNTY FARM ROAD,DOVER,NH,03820",43.2195,-70.94,NA,2024-08-01
305048,HILLSBOROUGH COUNTY NURSING HOME,400 MAST ROAD,GOFFSTOWN,NH,03045,6036275540,050,Hillsborough,Government - County,300,236.5,NA,Medicare and Medicaid,N,COUNTY OF HILLSBOROUGH,1995-07-01,NA,NA,N,NA,N,N,N,Resident,Yes,5,NA,4,NA,4,NA,2,NA,5,NA,5,NA,NA,NA,2.44896,0.66199,0.77596,1.43795,3.88691,3.276,0.40518,0.0557,42.1,NA,14.6,NA,0,NA,1.16773,0.85378,1.92797,0.7487,0.56576,3.24243,2.84724,2.85892,0.77281,0.90586,4.5376,3.82442,2024-05-01,4,4,0,16,1,0,16,2023-04-06,2,2,0,8,1,0,8,2022-05-19,3,3,0,12,1,0,12,12.667,0,0,NA,1,3250,0,1,"400 MAST ROAD,GOFFSTOWN,NH,03045",43.0094,-71.538,NA,2024-08-01
305049,RIVERWOODS AT EXETER,6 WHITE OAK DRIVE,EXETER,NH,03833,6037724700,070,Rockingham,Non profit - Corporation,23,16.8,NA,Medicare,N,THE RIVERWOODS COMPANY AT EXETER NEW HAMPSHIRE,1995-03-17,NA,NA,Y,NA,N,N,N,Resident,Yes,4,NA,4,NA,4,NA,4,NA,3,NA,4,NA,NA,NA,4.39648,1.21381,1.32563,2.53945,6.93592,6.03205,1.07634,0.04967,61.5,NA,66.7,NA,0,NA,1.12889,0.82539,1.86384,0.72379,0.54695,3.13458,2.75254,5.30905,1.46576,1.6008,8.37561,7.28413,2024-03-28,1,1,0,4,1,0,4,2023-02-24,7,7,1,32,1,0,32,2022-04-19,1,1,0,8,1,0,8,14,1,0,NA,0,0,0,0,"6 WHITE OAK DRIVE,EXETER,NH,03833",42.9727,-70.985,NA,2024-08-01
305050,"LEBANON CENTER, GENESIS HEALTHCARE",24 OLD ETNA ROAD,LEBANON,NH,03766,6034482234,040,Grafton,For profit - Corporation,110,83.6,NA,Medicare and Medicaid,N,24 OLD ETNA ROAD OPERATIONS LLC,1995-05-01,GENESIS HEALTHCARE,237,N,NA,N,N,N,Resident,Yes,2,NA,2,NA,3,NA,3,NA,3,NA,3,NA,NA,NA,1.48733,0.59659,0.73304,1.32963,2.81696,2.59793,0.57666,0.1232,38.2,NA,27.8,NA,3,NA,1.24819,0.91261,2.0608,0.80028,0.60474000000000006,3.46583,3.04341,1.62439,0.65157,0.80059,3.07656,2.83735,2023-04-19,7,5,2,20,1,0,20,2022-05-25,12,12,0,56,1,0,56,2021-03-19,3,3,0,16,1,0,16,31.333,0,2,0,0,0,0,0,"24 OLD ETNA ROAD,LEBANON,NH,03766",43.6569,-72.249,NA,2024-08-01
305051,"KEENE  CENTER, GENESIS HEALTHCARE",677 COURT STREET,KEENE,NH,03431,6033573800,020,Cheshire,For profit - Limited Liability company,106,68.5,NA,Medicare and Medicaid,N,677 COURT STREET OPERATIONS LLC,1995-06-01,GENESIS HEALTHCARE,237,N,SFF,N,N,N,Both,Yes,NA,18,NA,18,NA,18,NA,18,NA,18,NA,18,NA,NA,1.72913,1.00497,0.49337,1.49834,3.22747,2.93537,0.35891,0.07215,58,NA,73.3,NA,1,NA,1.35767,0.99266,2.24157,0.87048,0.65779,3.76984,3.31037,1.73619,1.00907,0.49538,3.24064,2.94736,2024-04-19,3,3,0,12,1,0,12,2023-11-16,14,4,10,88,1,0,88,2023-05-24,11,6,7,60,1,0,60,45.333,5,8,0,0,0,0,0,"677 COURT STREET,KEENE,NH,03431",42.9539,-72.296,NA,2024-08-01
305052,"RIDGEWOOD CENTER, GENESIS HEALTHCARE",25 RIDGEWOOD ROAD,BEDFORD,NH,03110,6036238805,050,Hillsborough,For profit - Corporation,150,102.1,NA,Medicare and Medicaid,N,25 RIDGEWOOD ROAD OPERATIONS LLC,1995-05-01,GENESIS HEALTHCARE,237,N,NA,N,N,N,Resident,Yes,2,NA,2,NA,3,NA,2,NA,4,NA,3,NA,NA,NA,1.73873,0.70878,0.64746,1.35624,3.09497,2.7795,0.59627,0.06057,37.7,NA,41.2,NA,0,NA,1.29692,0.94824,2.14127,0.83152,0.62836,3.60115,3.16224,1.82761,0.74501,0.68056,3.25317,2.92158,2023-10-31,4,3,2,40,1,0,40,2022-10-19,2,2,0,4,1,0,4,2021-07-22,4,4,0,24,1,0,24,25.333,1,1,NA,0,0,0,0,"25 RIDGEWOOD ROAD,BEDFORD,NH,03110",42.9601,-71.481,NA,2024-08-01
305053,GRAFTON COUNTY NURSING HOME,3855 DARTMOUTH COLLEGE HIGHWAY,NORTH HAVERHILL,NH,03774,6037876971,040,Grafton,Government - City/county,135,100.2,NA,Medicare and Medicaid,N,COUNTY OF GRAFTON,1995-07-01,NA,NA,N,NA,N,N,N,Resident,Yes,5,NA,4,NA,3,NA,3,NA,NA,2,5,NA,NA,NA,3.07971,0.55863,0.66095,1.21958,4.29929,3.94814,0.57573,0.01719,39.5,NA,15.4,NA,0,NA,1.1932,0.8724,1.97001,0.76502,0.5781,3.31314,2.90933,3.51855,0.63823,0.75513,4.9119,4.51071,2024-02-08,6,6,0,16,1,0,16,2022-12-09,1,1,0,0,1,0,0,2021-09-30,3,3,2,16,1,0,16,10.667,2,0,NA,0,0,0,0,"3855 DARTMOUTH COLLEGE HIGHWAY,NORTH HAVERHILL,NH,03774",44.1158,-72.04,NA,2024-08-01
305054,CHESHIRE COUNTY HOME,201 RIVER ROAD,WESTMORELAND,NH,03467,6033994912,020,Cheshire,Government - County,150,98.9,NA,Medicare and Medicaid,N,COUNTY OF CHESHIRE,1996-04-01,NA,NA,N,NA,N,N,N,Resident,Yes,5,NA,4,NA,3,NA,3,NA,NA,2,5,NA,NA,NA,2.9105,1.16558,0.74481,1.91039,4.82089,4.4014,0.40374,0.09947,40.4,NA,23.5,NA,0,NA,1.19856,0.87632,1.97886,0.76846,0.5807,3.32802,2.9224,3.31035,1.32571,0.84713,5.48319,5.00608,2023-07-19,2,2,0,8,1,0,8,2022-09-01,5,5,0,16,1,0,16,2021-05-13,1,1,0,8,1,0,8,10.667,0,0,NA,0,0,0,0,"201 RIVER ROAD,WESTMORELAND,NH,03467",42.9728,-72.466,NA,2024-08-01
305055,OCEANSIDE SKILLED NURSING AND REHABILITATION,22 TUCK ROAD,HAMPTON,NH,03842,6039264551,070,Rockingham,For profit - Corporation,117,105.1,NA,Medicare and Medicaid,N,22 TUCK ROAD OPERATIONS LLC,1995-07-01,GENESIS HEALTHCARE,237,N,NA,N,N,N,Resident,Yes,2,NA,2,NA,3,NA,3,NA,4,NA,3,NA,NA,NA,1.61406,0.53592,0.63276,1.16868,2.78274,2.45282,0.40421,0.01075,38.5,NA,35.7,NA,1,NA,1.24792,0.91242,2.06037,0.80011,0.60462,3.4651,3.04277,1.76318,0.58543,0.69122,3.03983,2.67943,2023-12-29,7,6,1,44,1,0,44,2022-12-01,5,3,2,20,1,0,20,2021-09-02,5,5,1,28,1,0,28,33.333,1,6,0,1,14521,0,1,"22 TUCK ROAD,HAMPTON,NH,03842",42.9479,-70.831,NA,2024-08-01
305056,MERRIMACK COUNTY NURSING HOME,325 DANIEL WEBSTER HIGHWAY,BOSCAWEN,NH,03303,6037962165,060,Merrimack,Government - City/county,290,238.4,NA,Medicare and Medicaid,N,COUNTY OF MERRIMACK,1996-04-01,NA,NA,N,NA,N,N,N,Resident,Yes,3,NA,2,NA,3,NA,2,NA,4,NA,5,NA,NA,NA,3.65426,0.7244,0.53564,1.26004,4.9143,4.29378,0.30084,0.02006,40.8,NA,27.3,NA,0,NA,1.23256,0.90118,2.035,0.79026,0.59717,3.42244,3.00531,4.04163,0.80119,0.59242,5.43523,4.74894,2024-03-21,2,2,2,24,1,0,24,2023-03-02,4,4,0,16,1,0,16,2022-04-08,7,7,0,32,1,0,32,22.667,1,0,NA,1,24070,0,1,"325 DANIEL WEBSTER HIGHWAY,BOSCAWEN,NH,03303",43.3587,-71.647,NA,2024-08-01
305057,COURVILLE AT MANCHESTER,44 WEST WEBSTER STREET,MANCHESTER,NH,03104,6036475900,050,Hillsborough,For profit - Limited Liability company,76,67.6,NA,Medicare and Medicaid,N,COURVILLE AT MANCHESTER LLC,1996-01-01,NA,NA,N,NA,N,N,N,Both,Yes,2,NA,2,NA,4,NA,3,NA,4,NA,2,NA,NA,NA,2.3311,1.08049,0.51994,1.60043,3.93154,3.69362,0.53895,0.07269,57,NA,58.3,NA,1,NA,1.54247,1.12778,2.54668,0.98896,0.74733,4.28297,3.76096,2.0602,0.95492,0.45952,3.47463,3.26437,2024-02-15,3,3,0,16,1,0,16,2023-01-06,10,10,0,56,1,0,56,2022-01-21,4,3,0,16,1,0,16,29.333,0,0,1,3,7319.57,1,4,"44 WEST WEBSTER STREET,MANCHESTER,NH,03104",43.0062,-71.466,NA,2024-08-01
305058,SALEMHAVEN,23 GEREMONTY DRIVE,SALEM,NH,03079,6038935586,070,Rockingham,Non profit - Corporation,110,87,NA,Medicare and Medicaid,N,"SALEMHAVEN, INC.",1996-01-01,NA,NA,N,NA,N,N,N,Resident,Yes,3,NA,3,NA,3,NA,2,NA,3,NA,4,NA,NA,NA,2.58823,1.00467,0.64186,1.64653,4.23476,3.6766200000000002,0.25496,0.09791,47.7,NA,38.5,NA,1,NA,1.31066,0.95829,2.16395,0.84033,0.63501,3.6393,3.19574,2.69201,1.04495,0.6676,4.40457,3.82405,2023-08-02,2,2,0,16,1,0,16,2022-09-23,7,7,0,28,1,0,28,2021-08-12,3,3,0,8,1,0,8,18.667,0,0,NA,0,0,0,0,"23 GEREMONTY DRIVE,SALEM,NH,03079",42.7834,-71.21,NA,2024-08-01
305059,PHEASANT WOOD CENTER,50 PHEASANT ROAD,PETERBOROUGH,NH,03458,6039247267,050,Hillsborough,For profit - Corporation,99,88.7,NA,Medicare and Medicaid,N,50 PHEASANT ROAD OPERATIONS LLC,1996-08-20,GENESIS HEALTHCARE,237,N,NA,N,N,N,Both,Yes,3,NA,3,NA,2,NA,2,NA,2,NA,2,NA,NA,NA,1.6913,0.70308,0.42273,1.12581,2.81711,2.64065,0.28984,0.0681,33.3,NA,33.3,NA,0,NA,1.29141,0.94421,2.13217,0.82799,0.62569,3.58585,3.1488,1.78534,0.74217,0.44624,2.97375,2.78748,2023-04-14,9,7,2,24,1,0,24,2022-06-30,4,4,0,16,1,0,16,2021-05-20,2,2,0,4,1,0,4,18,0,0,NA,0,0,0,0,"50 PHEASANT ROAD,PETERBOROUGH,NH,03458",42.9074,-71.936,NA,2024-08-01
305060,BEDFORD HILLS CENTER,30 COLBY COURT,BEDFORD,NH,03110,6036256462,050,Hillsborough,For profit - Corporation,147,139.1,NA,Medicare and Medicaid,N,HARBORSIDE NEW HAMPSHIRE LIMITED PARTNERSHIP,1996-04-01,GENESIS HEALTHCARE,237,N,NA,N,N,N,Resident,Yes,1,NA,1,NA,3,NA,2,NA,4,NA,3,NA,NA,NA,1.6752,0.95046,0.82502,1.77548,3.45068,3.06029,0.61305,0.05348,46.2,NA,32.3,NA,1,NA,1.31378,0.96056,2.1691,0.84233,0.63652,3.64795,3.20334,1.73824,0.98622,0.85607,3.58053,3.17545,2023-06-29,3,2,2,28,1,0,28,2022-06-15,7,7,0,24,1,0,24,2021-05-27,9,4,5,123,1,0,123,42.5,4,2,NA,1,188490.25,0,1,"30 COLBY COURT,BEDFORD,NH,03110",42.9632,-71.484,NA,2024-08-01
305061,CRESTWOOD CENTER,40 CROSBY STREET,MILFORD,NH,03055,6036737061,050,Hillsborough,For profit - Corporation,82,67,NA,Medicare and Medicaid,N,40 CROSBY STREET OPERATIONS LLC,1996-04-01,GENESIS HEALTHCARE,237,N,NA,N,N,N,Resident,Yes,2,NA,2,NA,4,NA,4,NA,4,NA,2,NA,NA,NA,1.77834,0.88942,0.51959,1.40901,3.18736,2.76204,0.41497,0.0582,40.4,NA,72.7,NA,3,NA,1.24693,0.91169,2.05873,0.79947,0.60414,3.46234,3.04035,1.94418,0.97236,0.56805,3.4846,3.01962,2024-01-30,10,9,4,52,1,0,52,2022-12-16,2,2,0,4,1,0,4,2021-09-23,6,6,0,24,1,0,24,31.333,8,1,NA,0,0,0,0,"40 CROSBY STREET,MILFORD,NH,03055",42.8355,-71.664,NA,2024-08-01
305062,ALPINE HEALTHCARE CENTER,298 MAIN STREET,KEENE,NH,03431,6033527311,020,Cheshire,For profit - Individual,85,68.4,NA,Medicare and Medicaid,N,PEAK HEALTHCARE AT KEENE LLC,1996-04-01,NA,NA,N,NA,N,N,N,Resident,Yes,1,NA,2,NA,1,NA,1,NA,2,NA,2,NA,NA,NA,2.30143,0.53976,0.49812,1.03788,3.33931,2.96041,0.37191,0.09416,35.4,NA,44.4,NA,0,NA,1.58401,1.15815,2.61527,1.0156,0.76745,4.39831,3.86224,1.98063,0.46452,0.42869,2.87384,2.54775,2023-06-15,6,6,0,28,1,0,28,2022-08-04,6,6,0,28,1,0,28,2021-07-02,8,5,3,36,1,0,36,29.333,1,0,3,0,0,0,0,"298 MAIN STREET,KEENE,NH,03431",42.9261,-72.277,NA,2024-08-01
305063,PRESIDENTIAL OAKS,200 PLEASANT STREET,CONCORD,NH,03301,6032256644,060,Merrimack,Non profit - Corporation,85,61.5,NA,Medicare and Medicaid,N,NEW HAMPSHIRE ODDFELLOWS HOME,1996-05-01,NA,NA,N,NA,N,N,N,Resident,Yes,2,NA,3,NA,3,NA,2,NA,4,NA,1,NA,NA,NA,1.86613,0.73469,0.29501,1.0297,2.89583,2.46363,0.21995,0.02416,59,NA,62.5,NA,NA,6,1.20346,0.87991,1.98696,0.7716,0.58307,3.34164,2.93436,2.11385,0.83222,0.33417,3.28023,2.79067,2023-10-26,6,6,0,20,1,0,20,2022-11-22,8,7,1,20,1,0,20,2021-11-05,3,3,0,20,1,0,20,20,0,1,NA,1,46117.5,0,1,"200 PLEASANT STREET,CONCORD,NH,03301",43.1986,-71.552,NA,2024-08-01
305064,EXETER CENTER,8 HAMPTON ROAD,EXETER,NH,03833,6037780531,070,Rockingham,For profit - Corporation,81,54.6,NA,Medicare and Medicaid,N,SUNBRIDGE GOODWIN NURSING HOME LLC,1996-06-01,GENESIS HEALTHCARE,237,N,NA,N,N,N,Resident,Yes,2,NA,2,NA,4,NA,4,NA,4,NA,3,NA,NA,NA,1.41554,1.0498,0.8554,1.9052,3.32074,2.95473,0.67522,0.07038,41.5,NA,41.7,NA,2,NA,1.28201,0.93734,2.11664,0.82196,0.62113,3.55974,3.12588,1.50521,1.1163,0.90959,3.53109,3.1419,2024-04-25,5,3,2,32,1,0,32,2023-03-24,4,4,0,16,1,0,16,2022-05-05,5,3,2,20,1,0,20,24.667,3,2,NA,1,28912,0,1,"8 HAMPTON ROAD,EXETER,NH,03833",42.976,-70.911,NA,2024-08-01
305065,APPLEWOOD CENTER,8 SNOW ROAD,WINCHESTER,NH,03470,6032396355,020,Cheshire,For profit - Corporation,72,69.7,NA,Medicare and Medicaid,N,8 SNOW ROAD OPERATIONS LLC,1996-08-01,GENESIS HEALTHCARE,237,N,NA,N,N,N,Resident,Yes,5,NA,4,NA,5,NA,5,NA,5,NA,3,NA,NA,NA,1.66206,0.71303,0.58827,1.3013,2.96336,2.72956,0.45373,0.04897,25.9,NA,41.7,NA,0,NA,1.29508,0.9469,2.13823,0.83035,0.62747,3.59605,3.15776,1.7495,0.75054,0.61922,3.11925,2.87316,2024-05-07,3,3,0,12,1,0,12,2023-04-05,3,3,0,12,1,0,12,2022-05-05,1,1,0,4,1,0,4,10.667,0,0,NA,0,0,0,0,"8 SNOW ROAD,WINCHESTER,NH,03470",42.7632,-72.384,NA,2024-08-01
305066,SAINT VINCENT REHABILITATION & NURSING CENTER,29 PROVIDENCE AVENUE,BERLIN,NH,03570,6037521820,030,Coos,Non profit - Corporation,80,62.1,NA,Medicare and Medicaid,N,ST VINCENT REHABILITATION & NURSING CENTER,1996-04-01,CATHOLIC CHARITIES NEW HAMPSHIRE,122,N,NA,N,N,N,Resident,Yes,2,NA,1,NA,5,NA,3,NA,5,NA,1,12,NA,NA,2.5822,0.66737,0.30544,0.97281,3.55501,3.12305,0.18563,0.05158,72.8,NA,66.7,NA,0,NA,1.17334,0.85789,1.93723,0.75229,0.56848,3.258,2.86092,3.00006,0.77536,0.35487,4.1303,3.62844,2024-05-07,13,6,7,60,1,0,60,2023-06-13,5,5,0,24,1,0,24,2022-08-11,3,3,0,12,1,0,12,40,0,4,1,0,0,0,0,"29 PROVIDENCE AVENUE,BERLIN,NH,03570",44.4942,-71.165,NA,2024-08-01
305067,MOUNT CARMEL REHABILITATION AND NURSING CENTER,235 MYRTLE STREET,MANCHESTER,NH,03104,6036273811,050,Hillsborough,Non profit - Church related,122,107.8,NA,Medicare and Medicaid,N,MOUNT CARMEL REHABILITATION & NURSING CENTER,1996-04-01,CATHOLIC CHARITIES NEW HAMPSHIRE,122,N,NA,N,N,N,Resident,Yes,4,NA,4,NA,3,NA,3,NA,2,NA,4,NA,NA,NA,2.36775,0.93668,0.67256,1.60924,3.97699,3.49791,0.52596,0.04636,49.1,NA,40.9,NA,0,NA,1.37409,1.00466,2.26868,0.881,0.66574,3.81543,3.3504,2.34901,0.92927,0.66723,3.94551,3.47022,2024-05-22,5,5,0,16,1,0,16,2023-04-27,3,3,0,12,1,0,12,2022-05-13,1,0,1,8,0,0,8,13.333,0,0,NA,1,3250,0,1,"235 MYRTLE STREET,MANCHESTER,NH,03104",42.9982,-71.453,NA,2024-08-01
305068,THE ELMS CENTER,71 ELM STREET,MILFORD,NH,03055,6036732907,050,Hillsborough,For profit - Corporation,52,49.8,NA,Medicare and Medicaid,N,HARBORSIDE NEW HAMPSHIRE LIMITED PARTNERSHIP,1996-08-01,GENESIS HEALTHCARE,237,N,NA,N,N,N,Resident,Yes,2,NA,2,NA,2,NA,1,NA,4,NA,2,NA,NA,NA,1.75626,0.48367,0.69725,1.18092,2.93718,2.58823,0.47127,0.01975,43.9,NA,44.4,NA,1,NA,1.38241,1.01074,2.28241,0.88634,0.66977,3.83852,3.37068,1.73187,0.47696,0.68757,2.8964,2.5523,2024-01-25,7,7,1,52,1,0,52,2023-01-20,4,4,0,12,1,0,12,2021-12-02,6,6,0,28,1,0,28,34.667,1,0,0,2,13019.5,0,2,"71 ELM STREET,MILFORD,NH,03055",42.8357,-71.658,NA,2024-08-01
305069,SAINT ANN REHABILITATION AND NURSING CENTER,195 DOVER POINT ROAD,DOVER,NH,03820,6037422612,080,Strafford,Non profit - Corporation,54,44.4,NA,Medicare and Medicaid,N,ST ANN REHABILITATION & NURSING CENTER,1996-04-01,CATHOLIC CHARITIES NEW HAMPSHIRE,122,N,NA,N,N,N,Resident,Yes,5,NA,5,NA,5,NA,5,NA,5,NA,3,NA,NA,NA,2.53223,1.01229,0.57748,1.58977,4.12199,3.6598,0.42846,0.03709,67.3,NA,72.7,NA,1,NA,1.15571,0.84499,1.90811,0.74098,0.55994,3.20904,2.81792,2.98689,1.19405,0.68116,4.86211,4.31693,2024-03-07,3,3,0,12,1,0,12,2023-02-01,0,0,0,0,0,0,0,2021-12-21,0,0,0,0,0,0,0,6,0,0,NA,1,650,0,1,"195 DOVER POINT ROAD,DOVER,NH,03820",43.1536,-70.84,NA,2024-08-01
305070,SAINT FRANCIS REHABILITATION AND NURSING CENTER,406 COURT STREET,LACONIA,NH,03246,6035240466,000,Belknap,Non profit - Church related,51,48,NA,Medicare and Medicaid,N,ST FRANCIS REHABILITATION & NURSING CENTER,1996-04-01,CATHOLIC CHARITIES NEW HAMPSHIRE,122,N,NA,N,N,N,Resident,Yes,5,NA,4,NA,3,NA,2,NA,4,NA,5,NA,NA,NA,2.22386,0.71583,0.73075,1.44657,3.67043,3.28642,0.53398,0.04002,29.4,NA,0,NA,0,NA,1.14325,0.83589,1.88755,0.733,0.5539,3.17446,2.78755,2.65173,0.85355,0.87134,4.37663,3.91874,2023-10-12,4,4,0,16,1,0,16,2022-12-21,0,0,0,0,0,0,0,2021-11-17,2,2,0,8,1,0,8,9.333,0,0,NA,1,657.8,0,1,"406 COURT STREET,LACONIA,NH,03246",43.5189,-71.482,NA,2024-08-01
305071,SAINT TERESA REHABILITATION & NURSING CENTER,519 BRIDGE STREET,MANCHESTER,NH,03104,6036682373,050,Hillsborough,Non profit - Corporation,51,40,NA,Medicare and Medicaid,N,ST TERESA REHABILITATION & NURSING CENTER,1996-04-01,CATHOLIC CHARITIES NEW HAMPSHIRE,122,N,NA,N,N,N,Resident,Yes,2,NA,2,NA,4,NA,5,NA,4,NA,3,NA,NA,NA,2.39548,0.62418,1.04611,1.6703,4.06577,3.56171,0.81143,0.03752,50.9,NA,25,NA,NA,6,1.52884,1.11781,2.52418,0.98022,0.74072,4.24512,3.72772,2.13597,0.55656,0.93278,3.62531,3.17585,2024-03-28,7,7,0,20,1,0,20,2023-02-10,6,5,0,44,1,0,44,2022-03-09,3,3,1,16,1,0,16,27.333,0,1,1,0,0,0,0,"519 BRIDGE STREET,MANCHESTER,NH,03104",42.9955,-71.432,NA,2024-08-01
305072,JAFFREY REHABILITATION AND NURSING CENTER,20 PLANTATION DRIVE,JAFFREY,NH,03452,6035328762,020,Cheshire,For profit - Limited Liability company,83,69.3,NA,Medicare and Medicaid,N,"JAFFREY REHABILITATION AND NURSING CENTER, LLC",1996-04-01,EPHRAM LAHASKY,205,N,NA,N,N,N,Resident,Yes,2,NA,2,NA,2,NA,3,NA,2,NA,3,NA,NA,NA,2.08661,0.68127,0.67552,1.3568,3.44341,3.16287,0.41634,0,46.6,NA,64.3,NA,0,NA,1.28857,0.94213,2.12747,0.82617,0.62431,3.57795,3.14187,2.20749,0.72074,0.71466,3.64289,3.3461,2024-04-26,5,5,0,32,1,0,32,2023-04-13,5,5,0,28,1,0,28,2022-06-01,2,2,0,12,1,0,12,27.333,0,0,NA,0,0,0,0,"20 PLANTATION DRIVE,JAFFREY,NH,03452",42.8048,-72.01,NA,2024-08-01
305074,HOLY CROSS HEALTH CENTER,357 ISLAND POND ROAD,MANCHESTER,NH,03109,6036283550,050,Hillsborough,Non profit - Church related,40,21.8,NA,Medicare and Medicaid,N,HOLY CROSS HEALTH CENTER INC,1996-03-15,NA,NA,N,NA,N,N,N,Resident,Yes,4,NA,5,NA,3,NA,3,NA,NA,2,1,12,6,6,NA,NA,NA,NA,NA,NA,NA,NA,NA,6,NA,6,1,NA,NA,NA,NA,NA,NA,NA,NA,NA,NA,NA,NA,NA,2024-01-31,0,0,0,0,0,0,0,2023-01-26,3,3,0,16,1,0,16,2022-02-03,2,2,0,12,1,0,12,7.333,0,0,NA,1,657.8,0,1,"357 ISLAND POND ROAD,MANCHESTER,NH,03109",42.9721,-71.417,NA,2024-08-01
305075,"MOUNTAIN RIDGE CENTER, GENESIS HEALTHCARE",7 BALDWIN STREET,FRANKLIN,NH,03235,6039342541,060,Merrimack,For profit - Corporation,86,79.5,NA,Medicare and Medicaid,N,7 BALDWIN STREET OPERATIONS LLC,1996-05-01,GENESIS HEALTHCARE,237,N,NA,N,N,N,Resident,Yes,1,NA,3,NA,1,NA,1,NA,1,NA,1,NA,NA,NA,1.63534,0.8034,0.473,1.2764,2.91175,2.44188,0.18967,0.06053,48.5,NA,62.5,NA,2,NA,1.26964,0.9283,2.09623,0.81404,0.61514,3.52541,3.09573,1.75587,0.86261,0.50786,3.12634,2.62184,2023-06-08,3,3,0,8,1,0,8,2022-06-07,8,8,0,28,1,0,28,2021-05-13,2,2,0,8,1,0,8,14.667,0,0,0,0,0,0,0,"7 BALDWIN STREET,FRANKLIN,NH,03235",43.4387,-71.631,NA,2024-08-01
305076,"COUNTRY VILLAGE CENTER, GENESIS HEALTHCARE",91 COUNTRY VILLAGE ROAD,LANCASTER,NH,03584,6037884735,030,Coos,For profit - Corporation,90,74.8,NA,Medicare and Medicaid,N,91 COUNTRY VILLAGE ROAD OPERATIONS LLC,1996-05-01,GENESIS HEALTHCARE,237,N,NA,N,N,N,Resident,Yes,3,NA,3,NA,4,NA,1,NA,5,NA,3,NA,NA,NA,1.68726,0.52258,0.85224,1.37482,3.06207,2.82846,0.76102,0.02143,31.7,NA,31.3,NA,2,NA,1.24952,0.91358,2.063,0.80113,0.60539,3.46952,3.04665,1.84079,0.57013,0.92979,3.34071,3.08584,2023-09-20,3,3,0,12,1,0,12,2022-09-29,8,6,1,32,1,0,32,2021-08-12,1,1,0,4,1,0,4,17.333,1,0,1,0,0,0,0,"91 COUNTRY VILLAGE ROAD,LANCASTER,NH,03584",44.4992,-71.577,NA,2024-08-01
305077,LAFAYETTE CENTER,93 MAIN STREET,FRANCONIA,NH,03580,6038235502,040,Grafton,For profit - Individual,72,59.7,NA,Medicare and Medicaid,N,LAFAYETTE OPERATING GROUP LLC,1996-05-01,NA,NA,N,NA,N,N,N,Resident,Yes,1,NA,2,NA,1,NA,1,NA,3,NA,2,NA,NA,NA,2.37213,0.96979,0.63412,1.60391,3.97604,3.52721,0.50958,0.09941,62.5,NA,66.7,NA,1,NA,1.58742,1.16064,2.62089,1.01778,0.7691,4.40777,3.87055,2.03709,0.83282,0.54456,3.41447,3.02904,2024-05-15,6,6,0,20,1,0,20,2023-03-20,11,11,2,40,1,0,40,2022-04-01,8,8,1,44,1,0,44,30.667,2,2,NA,0,0,0,0,"93 MAIN STREET,FRANCONIA,NH,03580",44.2313,-71.755,NA,2024-08-01
305078,"HARRIS HILL CENTER, GENESIS HEALTHCARE",20 MAITLAND STREET,CONCORD,NH,03301,6032241319,060,Merrimack,For profit - Corporation,85,80.3,NA,Medicare and Medicaid,N,20 MAITLAND STREET OPERATIONS LLC,1996-05-14,GENESIS HEALTHCARE,237,N,NA,N,N,N,Resident,Yes,1,NA,1,NA,3,NA,2,NA,5,NA,2,NA,NA,NA,1.82976,0.83556,0.67437,1.50993,3.33969,2.91571,0.4088,0.05863,55.2,NA,52.9,NA,2,NA,1.28617,0.94038,2.12351,0.82463,0.62315,3.57129,3.13602,1.93937,0.88561,0.71477,3.53976,3.09038,2024-02-29,4,3,1,32,1,0,32,2023-01-23,13,13,0,60,1,0,60,2022-01-06,8,6,2,32,1,0,32,41.333,1,1,NA,0,0,0,0,"20 MAITLAND STREET,CONCORD,NH,03301",43.1909,-71.532,NA,2024-08-01
305079,VILLA CREST NURSING AND RETIREMENT CENTER,1276 HANOVER STREET,MANCHESTER,NH,03104,6036223262,050,Hillsborough,For profit - Limited Liability company,126,121.2,NA,Medicare and Medicaid,N,BH VILLA CREST LLC,1996-10-01,NA,NA,N,NA,N,N,N,Resident,Yes,4,NA,4,NA,4,NA,3,NA,5,NA,2,NA,NA,NA,2.38856,1.09929,0.54164,1.64093,4.02949,3.68267,0.47191,0.04568,68.7,NA,74.1,NA,0,NA,1.42214,1.03979,2.348,0.91181,0.68902,3.94883,3.46754,2.2896,1.05375,0.51919,3.86255,3.53009,2023-06-02,4,4,0,16,1,0,16,2022-07-21,0,0,0,0,0,0,0,2021-06-11,2,2,0,8,1,0,8,9.333,0,0,NA,0,0,0,0,"1276 HANOVER STREET,MANCHESTER,NH,03104",42.9892,-71.409,NA,2024-08-01
305080,EPSOM HEALTHCARE CENTER,901 SUNCOOK VALLEY HIGHWAY,EPSOM,NH,03234,6037364772,060,Merrimack,For profit - Corporation,108,97.9,NA,Medicare and Medicaid,N,BH EPSOM LLC,1997-02-01,NA,NA,N,NA,N,N,N,Resident,Yes,3,NA,3,NA,3,NA,1,NA,4,NA,3,NA,NA,NA,1.87257,0.70119,0.67343,1.37462,3.24719,2.77398,0.38046,0.04121,46.5,NA,25,NA,0,NA,1.37176,1.00296,2.26482,0.87951,0.66461,3.80894,3.34471,1.86092,0.69682,0.66924,3.22697,2.75671,2024-03-07,2,2,0,8,1,0,8,2023-02-17,6,5,1,32,1,0,32,2022-03-03,4,3,1,16,1,0,16,17.333,2,0,NA,0,0,0,0,"901 SUNCOOK VALLEY HIGHWAY,EPSOM,NH,03234",43.2322,-71.361,NA,2024-08-01
305081,BIRCH HEALTHCARE CENTER,62 ROCHESTER HILL ROAD,ROCHESTER,NH,03867,6033353955,080,Strafford,For profit - Limited Liability company,79,64,NA,Medicare and Medicaid,N,PEAK HEALTHCARE AT ROCHESTER LLC,1997-02-12,NA,NA,N,NA,N,N,N,Resident,Yes,1,NA,1,NA,3,NA,2,NA,4,NA,1,NA,NA,NA,2.26211,0.62065,0.5133,1.13395,3.39605,3.23101,0.45039,0,67.2,NA,100,NA,0,NA,1.70528,1.24681,2.81548,1.09334,0.8262,4.73502,4.15792,1.80835,0.49615,0.41034,2.71484,2.5829,2023-07-26,5,4,1,36,1,0,36,2023-02-08,10,3,7,107,1,0,107,2022-07-08,10,10,0,40,1,0,40,60.333,3,3,NA,3,250343.85,0,3,"62 ROCHESTER HILL ROAD,ROCHESTER,NH,03867",43.2933,-70.955,NA,2024-08-01
305082,CEDAR HEALTHCARE CENTER,188 JONES AVENUE,PORTSMOUTH,NH,03801,6034312530,070,Rockingham,For profit - Limited Liability company,102,83.6,NA,Medicare and Medicaid,N,PEAK HEALTHCARE AT PORTSMOUTH LLC,1997-02-12,NA,NA,N,NA,N,N,N,Resident,Yes,4,NA,4,NA,3,NA,3,NA,3,NA,3,NA,NA,NA,1.88514,0.82335,0.5664,1.38976,3.2749,2.98434,0.41291,0.00674,34.8,NA,0,NA,0,NA,1.44553,1.0569,2.38663,0.92681,0.70036,4.0138,3.5246,1.77779,0.77647,0.53415,3.0884,2.81439,2024-05-08,3,3,0,4,1,0,4,2023-05-12,3,3,0,12,1,0,12,2022-05-12,10,9,1,40,1,0,40,12.667,1,2,NA,0,0,0,0,"188 JONES AVENUE,PORTSMOUTH,NH,03801",43.0605,-70.758,NA,2024-08-01
305083,WOLFEBORO BAY CENTER,39 CLIPPER DRIVE,WOLFEBORO,NH,03894,6035693950,010,Carroll,For profit - Limited Liability company,104,60.1,NA,Medicare and Medicaid,N,SUNBRIDGE CLIPPER HOME OF WOLFEBORO LLC,1997-02-12,GENESIS HEALTHCARE,237,N,NA,N,N,N,None,Yes,1,NA,1,NA,3,NA,1,NA,5,NA,2,NA,NA,NA,1.45914,0.80147,0.71569,1.51717,2.9763,2.63488,0.41458,0.07772,55.6,NA,53.8,NA,1,NA,1.29282,0.94524,2.1345,0.8289,0.62637,3.58977,3.15225,1.53859,0.84511,0.75466,3.13836,2.77835,2024-01-19,12,10,5,48,1,0,48,2023-01-09,13,9,4,52,1,0,52,2022-01-12,10,8,3,40,1,0,40,48,6,2,NA,0,0,0,0,"39 CLIPPER DRIVE,WOLFEBORO,NH,03894",43.5762,-71.204,NA,2024-08-01
305084,MINERAL SPRINGS,1251 WHITE MOUNTAIN HIGHWAY,NORTH CONWAY,NH,03860,6033567294,010,Carroll,For profit - Corporation,87,56.8,NA,Medicare and Medicaid,N,SUNBRIDGE CLIPPER HOME OF NORTH CONWAY LLC,1997-02-12,GENESIS HEALTHCARE,237,N,SFF Candidate,N,N,N,Resident,Yes,1,NA,1,NA,2,NA,1,NA,4,NA,1,NA,NA,NA,1.62581,0.87798,0.48727,1.36525,2.99106,2.63935,0.22954,0.08541,59.4,NA,68.8,NA,4,NA,1.18566,0.8669,1.95758,0.76019,0.57445,3.29222,2.89097,1.86927,1.00946,0.56024,3.43897,3.03459,2023-09-13,25,19,6,144,1,0,144,2022-09-15,9,9,1,32,1,0,32,2021-07-22,6,4,2,32,1,0,32,88,5,7,NA,1,15346.5,0,1,"1251 WHITE MOUNTAIN HIGHWAY,NORTH CONWAY,NH,03860",44.0127,-71.113,NA,2024-08-01
305085,LANGDON PLACE OF KEENE,136 A ARCH STREET,KEENE,NH,03431,6033573902,020,Cheshire,For profit - Corporation,25,23.2,NA,Medicare and Medicaid,N,SUNBRIDGE HEALTHCARE LLC,1997-02-12,GENESIS HEALTHCARE,237,N,NA,N,N,N,Resident,Yes,4,NA,3,NA,5,NA,5,NA,5,NA,4,NA,NA,NA,2.61921,0.9133,1.93595,2.84924,5.46845,4.44653,1.0152,0.28194,48.6,NA,61.5,NA,0,NA,1.53652,1.12342,2.53685,0.98514,0.74444,4.26643,3.74643,2.32379,0.81029,1.71759,4.85167,3.94502,2024-01-18,4,4,0,16,1,0,16,2023-01-12,7,7,0,24,1,0,24,2021-11-23,0,0,0,0,0,0,0,16,0,0,0,0,0,0,0,"136 A ARCH STREET,KEENE,NH,03431",42.939,-72.286,22,2024-08-01
305086,BEDFORD NURSING & REHABILITATION CENTER,480 DONALD STREET,BEDFORD,NH,03110,6036274147,050,Hillsborough,For profit - Limited Liability company,102,83.3,NA,Medicare and Medicaid,N,BEDFORD SNF OPCO LLC,1997-03-01,NA,NA,N,NA,N,N,N,Resident,Yes,3,NA,3,NA,5,NA,5,NA,3,NA,1,NA,NA,NA,2.12801,0.79404,0.51554,1.30958,3.43759,3.10434,0.2583,0.2335,58,NA,60,NA,NA,6,1.48047,1.08244,2.44431,0.94921,0.71728,4.1108,3.60977,1.9594800000000001,0.73115,0.47471,3.16533,2.85847,2023-12-15,6,6,1,24,1,0,24,2022-11-03,6,6,0,12,1,0,12,2021-08-26,1,1,0,8,1,0,8,17.333,0,2,0,2,1625,0,2,"480 DONALD STREET,BEDFORD,NH,03110",42.9696,-71.501,NA,2024-08-01
305087,MOUNTAIN VIEW COMMUNITY,93 WATER VILLAGE ROAD,OSSIPEE,NH,03864,6035397511,010,Carroll,Government - County,103,99.5,NA,Medicare and Medicaid,N,COUNTY OF CARROLL,1997-07-01,NA,NA,N,NA,N,N,N,Resident,Yes,2,NA,2,NA,4,NA,3,NA,5,NA,2,NA,NA,NA,2.34154,0.41229,0.26207,0.67436,3.01591,2.60017,0.12104,0.02957,51.3,NA,36.4,NA,0,NA,1.05843,0.77387,1.74751,0.67862,0.51281,2.93894,2.58074,3.01581,0.53102,0.33753,3.88436,3.34891,2023-08-25,2,2,0,8,1,0,8,2022-09-09,6,4,2,62,1,0,62,2021-07-15,3,3,0,12,1,0,12,26.667,0,1,2,1,101192,0,1,"93 WATER VILLAGE ROAD,OSSIPEE,NH,03864",43.6851,-71.138,NA,2024-08-01
305088,ST JOSEPH RESIDENCE,495 MAMMOTH RD,MANCHESTER,NH,03104,6036686011,050,Hillsborough,Non profit - Corporation,22,21.5,NA,Medicare and Medicaid,N,SAINT JOSEPH RESIDENCE,1997-07-02,NA,NA,N,NA,N,N,N,Both,Yes,3,NA,3,NA,3,NA,3,NA,NA,2,4,NA,NA,NA,3.47603,0.79814,0.8991,1.69724,5.17327,4.66096,0.75449,0.033,56.7,NA,62.5,NA,0,NA,1.44441,1.05608,2.38478,0.92609,0.69981,4.01068,3.52186,3.28063,0.75327,0.84856,4.88246,4.39895,2023-11-08,4,4,0,20,1,0,20,2022-12-21,2,2,0,8,1,0,8,2021-12-22,4,4,0,16,1,0,16,15.333,0,0,0,0,0,0,0,"495 MAMMOTH RD,MANCHESTER,NH,03104",42.99,-71.434,NA,2024-08-01
305089,LANGDON PLACE OF DOVER,60 MIDDLE ROAD,DOVER,NH,03820,6037434110,080,Strafford,For profit - Limited Liability company,30,25.3,NA,Medicare and Medicaid,N,SUNBRIDGE HEALTHCARE LLC,1998-08-06,GENESIS HEALTHCARE,237,N,NA,N,N,N,None,Yes,5,NA,5,NA,3,NA,NA,2,3,NA,4,NA,NA,NA,2.17131,1.7184,1.52015,3.23855,5.40986,3.86631,0.52432,0.21138,60.9,NA,37.5,NA,1,NA,1.48005,1.08214,2.44363,0.94894,0.71708,4.10965,3.60877,1.9999,1.58275,1.40014,4.98279,3.56109,2024-03-13,1,1,0,4,1,0,4,2023-01-13,2,2,0,12,1,0,12,2021-12-07,2,2,0,4,1,0,4,6.667,0,0,NA,0,0,0,0,"60 MIDDLE ROAD,DOVER,NH,03820",43.1816,-70.859,NA,2024-08-01
305091,COLONIAL POPLIN NURSING HOME,442 MAIN STREET,FREMONT,NH,03044,6038953126,070,Rockingham,For profit - Limited Liability company,50,42.8,NA,Medicare and Medicaid,N,COLONIAL POPLIN NURSING HOME INC,1999-08-01,NA,NA,N,NA,N,N,N,Resident,Yes,4,NA,4,NA,4,NA,3,NA,5,NA,4,NA,NA,NA,2.98691,0.65765,0.62651,1.28416,4.27107,4.09649,0.33805,0.31914,55.8,NA,33.3,NA,0,NA,1.42396,1.0411300000000001,2.35102,0.91298,0.68991,3.95391,3.47201,2.85948,0.62959,0.59978,4.08886,3.92172,2024-05-01,1,1,0,4,1,0,4,2023-05-23,5,5,0,20,1,0,20,2022-07-15,5,5,0,20,1,0,20,12,0,0,NA,1,14508,0,1,"442 MAIN STREET,FREMONT,NH,03044",42.9845,-71.13,NA,2024-08-01
305092,HILLSBORO HOUSE NURSING HOME,PO BOX 400 67 SCHOOL STREET,HILLSBORO,NH,03244,6034645561,050,Hillsborough,For profit - Corporation,33,28.8,NA,Medicare and Medicaid,N,SCHOOL STREET ASSOCIATES,2002-01-01,NA,NA,N,NA,N,N,N,Resident,Yes,5,NA,5,NA,5,NA,5,NA,NA,2,4,NA,NA,NA,2.25677,0.57328,0.58559,1.15887,3.41565,3.13874,0.43633,0,45.2,NA,NA,6,NA,6,1.11639,0.81624,1.8432,0.71578,0.54089,3.09987,2.72205,2.75573,0.70003,0.71506,4.17083,3.8327,2023-08-17,6,6,0,4,1,0,4,2022-09-08,1,1,0,0,1,0,0,2021-08-18,4,4,0,28,1,0,28,6.667,0,0,NA,18,99162.4,0,18,"PO BOX 400 67 SCHOOL STREET,HILLSBORO,NH,03244",43.1328,-71.929,22,2024-08-01
305093,SULLIVAN COUNTY HEALTH CARE,5 NURSING HOME DRIVE,UNITY,NH,03743,6035429511,090,Sullivan,Government - County,156,124,NA,Medicare and Medicaid,N,SULLIVAN COUNTY COMMISSIONERS,2002-09-15,NA,NA,N,NA,N,N,N,Resident,Yes,1,NA,2,NA,1,NA,2,NA,1,NA,4,NA,NA,NA,2.74782,1.02208,0.59405,1.61613,4.36395,3.9462,0.44689,0.01536,55.6,NA,17.6,NA,NA,6,1.1126,0.81347,1.83694,0.71335,0.53905,3.08934,2.71281,3.36678,1.25231,0.72786,5.34695,4.8351,2023-10-19,5,3,4,24,2,12,36,2022-10-05,7,7,0,28,1,0,28,2021-06-24,4,4,0,12,1,0,12,29.333,1,0,0,1,650,1,2,"5 NURSING HOME DRIVE,UNITY,NH,03743",43.3101,-72.31,NA,2024-08-01
305094,MORRISON NURSING HOME,6 TERRACE STREET,WHITEFIELD,NH,03598,6038372541,030,Coos,Non profit - Corporation,57,51.6,NA,Medicare and Medicaid,N,MORRISON HOSPITAL ASSOCIATION,2002-08-01,NA,NA,N,SFF Candidate,Y,N,N,Resident,Yes,1,NA,1,NA,2,NA,2,NA,3,NA,1,12,NA,NA,0,0.46051,0.03406,0.49457,0.49457,0.41688,0,0,NA,6,NA,6,NA,6,1.24326,0.90901,2.05267,0.79712,0.60236,3.45215,3.0314,0,0.50494000000000006,0.03734,0.54229,0.45711,2023-11-17,14,14,0,309,1,0,309,2022-10-11,6,5,0,162,1,0,162,2021-09-02,1,1,0,8,1,0,8,209.833,0,0,1,2,70193.5,1,3,"6 TERRACE STREET,WHITEFIELD,NH,03598",44.3752,-71.615,NA,2024-08-01
305095,DERRY CENTER FOR REHABILITATION AND HEALTHCARE,20 CHESTER ROAD,DERRY,NH,03038,6034323801,070,Rockingham,For profit - Corporation,62,47.6,NA,Medicare and Medicaid,N,DERRY REHABILITATION AND NURSING CENTER LLC,2003-07-18,EPHRAM LAHASKY,205,N,SFF Candidate,N,N,N,Resident,Yes,1,NA,1,NA,3,NA,2,NA,3,NA,1,NA,NA,NA,1.65686,0.84112,0.61525,1.45637,3.11323,2.69301,0.40622,0,65.6,NA,71.4,NA,2,NA,1.27359,0.93118,2.10275,0.81657,0.61705,3.53636,3.10535,1.77345,0.90032,0.65854,3.33231,2.88252,2023-10-12,6,1,5,24,1,0,24,2022-10-04,7,2,5,186,1,0,186,2021-11-01,16,16,0,72,1,0,72,86,0,2,5,2,84218.18,0,2,"20 CHESTER ROAD,DERRY,NH,03038",42.8963,-71.309,NA,2024-08-01
305096,GOFFSTOWN NURSING AND REHAB CENTER,29 CENTER STREET,GOFFSTOWN,NH,03045,6034974871,050,Hillsborough,For profit - Limited Liability company,35,30.8,NA,Medicare and Medicaid,N,MORE COWBELL LLC,2003-11-01,NA,NA,N,NA,N,N,N,Resident,Yes,1,NA,1,NA,1,NA,1,NA,NA,2,1,12,6,6,NA,NA,NA,NA,NA,NA,NA,NA,NA,6,NA,6,NA,6,NA,NA,NA,NA,NA,NA,NA,NA,NA,NA,NA,NA,2023-10-26,13,13,0,48,1,0,48,2022-10-18,17,8,9,72,1,0,72,2021-08-04,2,2,0,4,1,0,4,48.667,2,1,NA,11,54334.03,0,11,"29 CENTER STREET,GOFFSTOWN,NH,03045",43.0231,-71.551,NA,2024-08-01
305097,WOODLAWN CARE CENTER,84 PINE STREET,NEWPORT,NH,03773,6038631020,090,Sullivan,For profit - Corporation,53,50.6,NA,Medicare and Medicaid,N,"GREENLEAF PROPERTIES, INC",2003-12-01,NA,NA,N,NA,N,N,N,Resident,Yes,1,NA,2,NA,1,NA,1,NA,NA,2,4,NA,NA,NA,2.69161,0.70356,0.49255,1.19611,3.88772,3.14725,0.42588,0.03177,29.4,NA,16.7,NA,0,NA,1.37975,1.0088,2.27802,0.88463,0.66849,3.83114,3.3642,2.65935,0.69513,0.48665,3.84113,3.10954,2024-02-23,9,6,3,28,1,0,28,2022-12-30,6,6,0,24,1,0,24,2021-12-30,5,5,0,16,1,0,16,24.667,0,2,NA,1,1300,0,1,"84 PINE STREET,NEWPORT,NH,03773",43.3641,-72.182,NA,2024-08-01
305099,WEBSTER AT RYE,795 WASHINGTON ROAD,RYE,NH,03870,6039648144,070,Rockingham,Non profit - Other,61,45,NA,Medicare and Medicaid,N,RANNIE WEBSTER FOUNDATION,2006-09-01,NA,NA,N,NA,N,N,N,Resident,Yes,4,NA,4,NA,3,NA,4,NA,1,NA,3,NA,NA,NA,2.54878,0.96892,0.75255,1.72147,4.27026,3.51857,0.3554,0.00319,64.1,NA,61.5,NA,1,NA,1.40758,1.02915,2.32397,0.90247,0.68197,3.90841,3.43205,2.46845,0.93838,0.72883,4.13567,3.40767,2023-06-08,3,3,0,12,1,0,12,2022-08-05,0,0,0,0,0,0,0,2021-07-09,5,3,2,24,1,0,24,10,1,0,0,1,650,0,1,"795 WASHINGTON ROAD,RYE,NH,03870",43.0057,-70.784,NA,2024-08-01
305100,FAIRVIEW NURSING HOME,203 LOWELL ROAD,HUDSON,NH,03051,6038825261,050,Hillsborough,For profit - Limited Liability company,101,95.4,NA,Medicare and Medicaid,N,"MERRIMAC MEDICAL INVESTORS, LLC",2007-11-01,NA,NA,N,NA,N,N,N,Resident,Yes,2,NA,3,NA,3,NA,2,NA,4,NA,1,NA,NA,NA,2.11928,0.82923,0.70367,1.53291,3.65219,3.38939,0.43365,0.09264,NA,6,NA,6,NA,6,1.5103,1.10425,2.49357,0.96834,0.73174,4.19365,3.68252,1.91288,0.74848,0.63514,3.2965,3.05929,2023-12-21,6,6,3,20,1,0,20,2022-11-09,8,6,2,24,1,0,24,2021-09-13,3,3,0,16,1,0,16,20.667,3,0,NA,0,0,0,0,"203 LOWELL ROAD,HUDSON,NH,03051",42.7318,-71.425,NA,2024-08-01
305101,BELKNAP COUNTY NURSING HOME,30 COUNTY DRIVE,LACONIA,NH,03246,6035275410,000,Belknap,Government - County,94,53.9,NA,Medicare and Medicaid,N,BELKNAP COUNTY,2008-09-01,NA,NA,N,NA,N,N,N,Resident,Yes,5,NA,5,NA,3,NA,1,NA,5,NA,5,NA,NA,NA,3.69469,1.02139,0.85262,1.87401,5.5687,4.8117,0.37785,0.03498,40.2,NA,30,NA,NA,6,1.24395,0.90951,2.05381,0.79756,0.60269,3.45407,3.03308,4.04892,1.11932,0.93436,6.1026,5.27302,2023-08-09,0,0,0,0,0,0,0,2022-08-25,3,3,0,8,1,0,8,2021-07-09,4,4,0,16,1,0,16,5.333,0,0,NA,0,0,0,0,"30 COUNTY DRIVE,LACONIA,NH,03246",43.5436,-71.483,NA,2024-08-01
305102,COOS COUNTY NURSING HOME,364 CATES HILL RD  PO BOX 416,BERLIN,NH,03570,6037522343,030,Coos,Government - County,100,75.8,NA,Medicare and Medicaid,N,COOS COUNTY NURSING HOME,2017-04-30,NA,NA,N,NA,N,N,N,Both,Yes,4,NA,4,NA,4,NA,2,NA,5,NA,4,NA,NA,NA,3.59024,0.48558,0.96236,1.44794,5.03818,4.37323,0.35877,0.01334,53.8,NA,33.3,NA,1,NA,1.40457,1.02695,2.319,0.90055,0.68051,3.90006,3.42472,3.48453,0.47128,0.93402,4.88984,4.24446,2023-12-08,2,2,0,8,1,0,8,2022-11-03,3,3,0,12,1,0,12,2021-07-15,0,0,0,0,0,0,0,8,0,0,0,0,0,0,0,"364 CATES HILL RD  PO BOX 416,BERLIN,NH,03570",44.4763,-71.177,22,2024-08-01
305103,COVENANT LIVING OF KEENE,100 WYMAN RD,KEENE,NH,03431,6033523235,020,Cheshire,Non profit - Corporation,20,17.8,NA,Medicare,N,COVENANT LIVING OF KEENE,2023-06-23,COVENANT LIVING,168,Y,NA,N,N,N,Resident,Yes,3,NA,2,NA,NA,2,NA,2,NA,2,5,NA,NA,NA,2.95058,0.52794,1.97562,2.50356,5.45414,4.52964,1.05564,0.15473,NA,6,NA,6,NA,6,1.40134,1.02459,2.31367,0.89848,0.67895,3.8911,3.41685,2.8703,0.51358,1.92187,5.30574,4.40639,2024-06-11,2,2,0,4,1,0,4,2023-04-20,6,6,0,36,2,18,54,NA,.,.,.,.,.,.,.,24,0,0,NA,0,0,0,0,"100 WYMAN RD,KEENE,NH,03431",42.9689,-72.335,NA,2024-08-01
30E059,GLENCLIFF HOME FOR THE ELDERLY,393 HIGH STREET,GLENCLIFF,NH,03238,6039893111,040,Grafton,Government - State,130,67.6,NA,Medicaid,N,Legal Business Name Not Available,1979-06-01,NA,NA,N,NA,N,N,N,Resident,Yes,2,NA,2,NA,1,NA,1,NA,NA,2,5,NA,NA,NA,2.84485,0.50577,1.07077,1.57653,4.42138,3.93368,0.58973,0,26.5,NA,30,NA,0,NA,1.05429,0.77084,1.74067,0.67596,0.5108,2.92743,2.57064,3.67845,0.65396,1.38452,5.71693,5.08632,2023-10-18,2,2,0,12,1,0,12,2022-10-13,11,8,3,52,1,0,52,2021-08-18,7,7,0,24,1,0,24,27.333,2,0,NA,0,0,0,0,"393 HIGH STREET,GLENCLIFF,NH,03238",44.0015,-71.88,NA,2024-08-01
30E062,MERRIMAN HOUSE,3073 WHITE MOUNTAIN HIGHWAY,NORTH CONWAY,NH,03860,6033560699,010,Carroll,Non profit - Corporation,45,41.8,NA,Medicaid,Y,Legal Business Name Not Available,1979-02-01,NA,NA,N,NA,N,N,N,Resident,Yes,4,NA,5,NA,1,NA,1,NA,NA,2,5,NA,NA,NA,2.74642,0.19493,1.22836,1.42329,4.16971,3.78612,0.88126,0.00376,28.6,NA,23.1,NA,0,NA,1.14435,0.83669,1.88937,0.73371,0.55444,3.17751,2.79023,3.27169,0.23221,1.46329,4.96719,4.51024,2024-04-10,1,1,0,0,1,0,0,2023-03-17,2,2,1,8,1,0,8,2022-03-08,2,2,0,8,1,0,8,4,1,0,NA,0,0,0,0,"3073 WHITE MOUNTAIN HIGHWAY,NORTH CONWAY,NH,03860",44.0608,-71.139,NA,2024-08-01
30E076,COOS COUNTY NURSING HOSPITAL,136 COUNTY FARM ROAD,WEST STEWARTSTOWN,NH,03597,6032463321,030,Coos,Government - County,97,54.9,NA,Medicaid,N,Legal Business Name Not Available,1979-01-01,NA,NA,N,NA,N,N,N,Resident,Yes,5,NA,5,NA,2,NA,2,NA,NA,2,5,NA,NA,NA,3.19756,0.50105,1.21552,1.71657,4.91413,4.1676,0.64906,7.5e-4,39.8,NA,43.8,NA,0,NA,1.17744,0.86089,1.94401,0.75492,0.57047,3.2694,2.87092,3.70205,0.5801,1.4073,5.68946,4.82514,2023-11-17,3,3,0,4,1,0,4,2022-11-17,1,1,0,4,1,0,4,2021-10-21,3,2,1,16,1,0,16,6,2,0,NA,0,0,0,0,"136 COUNTY FARM ROAD,WEST STEWARTSTOWN,NH,03597",44.9889,-71.533,NA,2024-08-01
